county,year,annual_change_pct,hpi,hpi_1990_base,hpi_2000_base
Hawaii County,1977,,100.0,44.09,41.43
Hawaii County,1978,4.75,104.75,46.18,43.39
Hawaii County,1979,4.68,109.65,48.34,45.42
Hawaii County,1980,28.02,140.37,61.88,58.15
Hawaii County,1981,0.2,140.65,62.01,58.26
Hawaii County,1982,6.5,149.79,66.04,62.05
Hawaii County,1983,-1.44,147.64,65.09,61.16
Hawaii County,1984,0.66,148.62,65.52,61.57
Hawaii County,1985,-4.2,142.38,62.77,58.98
Hawaii County,1986,3.9,147.94,65.22,61.29
Hawaii County,1987,0.73,149.02,65.7,61.73
Hawaii County,1988,11.22,165.74,73.07,68.66
Hawaii County,1989,14.01,188.97,83.31,78.28
Hawaii County,1990,20.04,226.83,100.0,93.97
Hawaii County,1991,16.67,264.66,116.67,109.64
Hawaii County,1992,0.84,266.87,117.65,110.55
Hawaii County,1993,-0.2,266.33,117.41,110.33
Hawaii County,1994,-3.88,255.99,112.85,106.04
Hawaii County,1995,-2.98,248.35,109.48,102.88
Hawaii County,1996,-1.35,244.99,108.01,101.49
Hawaii County,1997,-7.41,226.85,100.01,93.97
Hawaii County,1998,4.14,236.24,104.15,97.87
Hawaii County,1999,-1.51,232.67,102.57,96.38
Hawaii County,2000,3.75,241.4,106.42,100.0
Hawaii County,2001,7.78,260.17,114.69,107.78
Hawaii County,2002,6.59,277.31,122.25,114.88
Hawaii County,2003,9.43,303.47,133.79,125.71
Hawaii County,2004,25.26,380.12,167.58,157.47
Hawaii County,2005,34.19,510.08,224.87,211.3
Hawaii County,2006,11.41,568.28,250.53,235.42
Hawaii County,2007,-2.0,556.9,245.51,230.7
Hawaii County,2008,-5.72,525.04,231.47,217.5
Hawaii County,2009,-15.37,444.36,195.9,184.08
Hawaii County,2010,-10.34,398.39,175.63,165.04
Hawaii County,2011,-7.2,369.72,162.99,153.16
Hawaii County,2012,0.26,370.68,163.42,153.56
Hawaii County,2013,5.86,392.42,173.0,162.56
Hawaii County,2014,9.25,428.7,188.99,177.59
Hawaii County,2015,7.81,462.2,203.76,191.47
Hawaii County,2016,2.51,473.8,208.88,196.28
Hawaii County,2017,5.49,499.82,220.35,207.05
Hawaii County,2018,5.32,526.43,232.08,218.08
Hawaii County,2019,3.1,542.75,239.27,224.84
Hawaii County,2020,3.34,560.89,247.27,232.35
Hawaii County,2021,10.34,618.91,272.85,256.39
Hawaii County,2022,23.23,762.65,336.22,315.93
Hawaii County,2023,5.69,806.02,355.34,333.9
Hawaii County,2024,3.93,837.68,369.29,347.01
Hawaii County,2025,6.11,888.89,391.87,368.23
Honolulu County,1975,,100.0,22.55,23.97
Honolulu County,1976,0.0,100.0,22.55,23.97
Honolulu County,1977,6.42,106.43,24.0,25.51
Honolulu County,1978,12.38,119.6,26.97,28.67
Honolulu County,1979,28.5,153.68,34.65,36.84
Honolulu County,1980,22.05,187.57,42.29,44.97
Honolulu County,1981,-30.75,129.88,29.28,31.14
Honolulu County,1982,34.88,175.18,39.5,42.0
Honolulu County,1983,11.19,194.78,43.92,46.69
Honolulu County,1984,4.55,203.64,45.92,48.82
Honolulu County,1985,4.73,213.28,48.09,51.13
Honolulu County,1986,3.76,221.3,49.9,53.05
Honolulu County,1987,8.36,239.81,54.07,57.49
Honolulu County,1988,17.45,281.66,63.51,67.52
Honolulu County,1989,27.61,359.41,81.04,86.16
Honolulu County,1990,23.4,443.51,100.0,106.32
Honolulu County,1991,9.0,483.44,109.0,115.89
Honolulu County,1992,0.27,484.76,109.3,116.21
Honolulu County,1993,-0.31,483.28,108.96,115.85
Honolulu County,1994,0.55,485.93,109.56,116.49
Honolulu County,1995,-1.09,480.65,108.37,115.22
Honolulu County,1996,-4.82,457.46,103.14,109.67
Honolulu County,1997,-8.37,419.18,94.51,100.49
Honolulu County,1998,-1.26,413.91,93.32,99.22
Honolulu County,1999,-0.82,410.52,92.56,98.41
Honolulu County,2000,1.61,417.14,94.05,100.0
Honolulu County,2001,6.61,444.71,100.27,106.61
Honolulu County,2002,6.14,472.01,106.42,113.15
Honolulu County,2003,8.75,513.29,115.73,123.05
Honolulu County,2004,18.1,606.17,136.67,145.32
Honolulu County,2005,25.08,758.2,170.95,181.76
Honolulu County,2006,15.04,872.21,196.66,209.09
Honolulu County,2007,3.24,900.49,203.03,215.87
Honolulu County,2008,-2.19,880.78,198.59,211.15
Honolulu County,2009,-7.14,817.86,184.41,196.06
Honolulu County,2010,-1.22,807.9,182.16,193.67
Honolulu County,2011,0.49,811.89,183.06,194.63
Honolulu County,2012,1.04,820.33,184.96,196.66
Honolulu County,2013,4.9,860.52,194.02,206.29
Honolulu County,2014,7.56,925.56,208.69,221.88
Honolulu County,2015,4.33,965.68,217.73,231.5
Honolulu County,2016,7.86,1041.62,234.86,249.7
Honolulu County,2017,2.65,1069.2,241.07,256.32
Honolulu County,2018,4.15,1113.56,251.08,266.95
Honolulu County,2019,1.79,1133.52,255.58,271.73
Honolulu County,2020,-1.31,1118.68,252.23,268.18
Honolulu County,2021,6.0,1185.85,267.37,284.28
Honolulu County,2022,16.1,1376.82,310.43,330.06
Honolulu County,2023,6.34,1464.1,330.11,350.98
Honolulu County,2024,3.17,1510.45,340.56,362.1
Honolulu County,2025,1.4,1531.59,345.33,367.16
Kauai County,1984,,100.0,55.98,51.82
Kauai County,1985,5.83,105.83,59.24,54.84
Kauai County,1986,0.15,105.99,59.33,54.92
Kauai County,1987,6.3,112.66,63.07,58.38
Kauai County,1988,11.23,125.32,70.15,64.94
Kauai County,1989,22.31,153.28,85.81,79.43
Kauai County,1990,16.54,178.64,100.0,92.57
Kauai County,1991,12.59,201.14,112.59,104.22
Kauai County,1992,-1.44,198.25,110.98,102.73
Kauai County,1993,-0.22,197.81,110.73,102.5
Kauai County,1994,4.85,207.41,116.1,107.47
Kauai County,1995,-3.23,200.7,112.35,104.0
Kauai County,1996,-2.06,196.57,110.03,101.86
Kauai County,1997,-5.44,185.88,104.05,96.32
Kauai County,1998,-0.54,184.87,103.49,95.8
Kauai County,1999,-0.21,184.49,103.27,95.6
Kauai County,2000,4.61,192.99,108.03,100.0
Kauai County,2001,8.82,210.02,117.56,108.82
Kauai County,2002,9.86,230.73,129.16,119.56
Kauai County,2003,16.35,268.46,150.28,139.11
Kauai County,2004,30.12,349.32,195.54,181.01
Kauai County,2005,27.63,445.83,249.57,231.02
Kauai County,2006,10.71,493.57,276.3,255.76
Kauai County,2007,-0.34,491.88,275.35,254.88
Kauai County,2008,-5.25,466.05,260.89,241.49
Kauai County,2009,-12.26,408.9,228.9,211.88
Kauai County,2010,-12.11,359.37,201.17,186.22
Kauai County,2011,-5.82,338.44,189.46,175.37
Kauai County,2012,1.18,342.43,191.69,177.44
Kauai County,2013,5.42,361.0,202.09,187.06
Kauai County,2014,11.47,402.4,225.26,208.51
Kauai County,2015,4.88,422.05,236.26,218.69
Kauai County,2016,6.19,448.19,250.89,232.24
Kauai County,2017,3.81,465.26,260.44,241.08
Kauai County,2018,6.45,495.24,277.23,256.62
Kauai County,2019,5.87,524.33,293.51,271.69
Kauai County,2020,2.81,539.05,301.75,279.32
Kauai County,2021,10.72,596.86,334.12,309.28
Kauai County,2022,17.83,703.29,393.69,364.43
Kauai County,2023,8.28,761.54,426.3,394.61
Kauai County,2024,8.55,826.64,462.74,428.34
Kauai County,2025,-0.79,820.15,459.11,424.98
Maui County,1977,,100.0,31.93,28.78
Maui County,1978,17.36,117.36,37.47,33.77
Maui County,1979,29.39,151.86,48.49,43.7
Maui County,1980,11.63,169.52,54.13,48.78
Maui County,1981,-29.39,119.7,38.22,34.45
Maui County,1982,-17.47,98.79,31.54,28.43
Maui County,1983,73.73,171.62,54.8,49.39
Maui County,1984,-9.2,155.84,49.76,44.85
Maui County,1985,8.64,169.31,54.06,48.72
Maui County,1986,4.37,176.7,56.42,50.85
Maui County,1987,10.06,194.49,62.1,55.97
Maui County,1988,14.2,222.1,70.92,63.92
Maui County,1989,22.34,271.72,86.76,78.2
Maui County,1990,15.26,313.19,100.0,90.13
Maui County,1991,12.1,351.09,112.1,101.04
Maui County,1992,2.44,359.67,114.84,103.51
Maui County,1993,-1.63,353.81,112.97,101.82
Maui County,1994,-0.88,350.71,111.98,100.93
Maui County,1995,-3.28,339.2,108.3,97.62
Maui County,1996,-1.36,334.6,106.83,96.29
Maui County,1997,-6.3,313.53,100.11,90.23
Maui County,1998,2.83,322.41,102.94,92.78
Maui County,1999,-0.62,320.42,102.31,92.21
Maui County,2000,8.45,347.49,110.95,100.0
Maui County,2001,11.32,386.82,123.51,111.32
Maui County,2002,9.14,422.17,134.8,121.49
Maui County,2003,12.25,473.9,151.31,136.38
Maui County,2004,25.02,592.49,189.18,170.51
Maui County,2005,25.1,741.23,236.67,213.31
Maui County,2006,14.27,846.97,270.43,243.74
Maui County,2007,0.2,848.7,270.98,244.24
Maui County,2008,-7.49,785.12,250.68,225.94
Maui County,2009,-15.13,666.29,212.74,191.75
Maui County,2010,-13.19,578.44,184.69,166.46
Maui County,2011,-6.47,541.02,172.74,155.7
Maui County,2012,-0.35,539.16,172.15,155.16
Maui County,2013,8.94,587.33,187.53,169.02
Maui County,2014,11.6,655.49,209.29,188.64
Maui County,2015,7.74,706.23,225.49,203.24
Maui County,2016,4.82,740.26,236.36,213.03
Maui County,2017,7.23,793.78,253.45,228.43
Maui County,2018,4.34,828.23,264.45,238.35
Maui County,2019,5.06,870.18,277.84,250.42
Maui County,2020,1.58,883.91,282.23,254.37
Maui County,2021,10.79,979.27,312.67,281.81
Maui County,2022,18.77,1163.05,371.35,334.7
Maui County,2023,10.34,1283.32,409.75,369.31
Maui County,2024,2.68,1317.7,420.73,379.21
Maui County,2025,4.27,1373.97,438.69,395.4
