county,year,direction,total_us_foreign_returns,total_us_foreign_exemptions,same_state_returns,same_state_exemptions,diff_state_returns,diff_state_exemptions,foreign_returns,foreign_exemptions,nonmigrant_returns,nonmigrant_exemptions,era
Hawaii County,1990,in,3656.0,6877.0,1484.0,2868.0,2099.0,3859.0,73.0,150.0,41761.0,92322.0,pre2011
Hawaii County,1991,in,3321.0,6440.0,1430.0,2906.0,1800.0,3351.0,91.0,183.0,43338.0,95208.0,pre2011
Hawaii County,1992,in,3082.0,5925.0,1325.0,2688.0,1677.0,3104.0,80.0,133.0,43764.0,96345.0,pre2011
Hawaii County,1993,in,2795.0,5171.0,1183.0,2264.0,1529.0,2784.0,83.0,123.0,43675.0,96503.0,pre2011
Hawaii County,1994,in,2646.0,4941.0,1108.0,2064.0,1468.0,2759.0,70.0,118.0,43118.0,95168.0,pre2011
Hawaii County,1995,in,2321.0,4214.0,849.0,1638.0,1399.0,2465.0,73.0,111.0,44285.0,96982.0,pre2011
Hawaii County,1996,in,2401.0,4414.0,944.0,1770.0,1389.0,2517.0,68.0,127.0,44480.0,97053.0,pre2011
Hawaii County,1997,in,2318.0,4115.0,812.0,1479.0,1415.0,2506.0,91.0,130.0,45118.0,97875.0,pre2011
Hawaii County,1998,in,2402.0,4242.0,764.0,1416.0,1553.0,2696.0,85.0,130.0,45820.0,98985.0,pre2011
Hawaii County,1999,in,2667.0,4714.0,800.0,1446.0,1799.0,3168.0,68.0,100.0,47010.0,100629.0,pre2011
Hawaii County,2000,in,2896.0,5007.0,849.0,1548.0,1933.0,3282.0,114.0,177.0,48241.0,102091.0,pre2011
Hawaii County,2001,in,3036.0,5346.0,840.0,1550.0,2106.0,3677.0,90.0,119.0,49710.0,104122.0,pre2011
Hawaii County,2002,in,3333.0,5758.0,910.0,1607.0,2332.0,4022.0,91.0,129.0,50872.0,106361.0,pre2011
Hawaii County,2003,in,3462.0,6128.0,877.0,1617.0,2504.0,4370.0,81.0,141.0,52184.0,108519.0,pre2011
Hawaii County,2004,in,3916.0,6893.0,917.0,1655.0,2887.0,5069.0,112.0,169.0,53435.0,110942.0,pre2011
Hawaii County,2005,in,3964.0,7076.0,987.0,1861.0,2874.0,5063.0,103.0,152.0,55199.0,114558.0,pre2011
Hawaii County,2006,in,3759.0,6498.0,1009.0,1852.0,2671.0,4538.0,79.0,108.0,57518.0,118247.0,pre2011
Hawaii County,2007,in,3916.0,6737.0,1142.0,2028.0,2679.0,4586.0,95.0,123.0,61406.0,124886.0,pre2011
Hawaii County,2008,in,3195.0,5521.0,834.0,1496.0,2261.0,3877.0,100.0,148.0,63352.0,129134.0,pre2011
Hawaii County,2009,in,2874.0,5075.0,762.0,1361.0,2067.0,3623.0,45.0,91.0,62002.0,128305.0,pre2011
Hawaii County,2010,in,3030.0,5315.0,769.0,1441.0,2220.0,3807.0,41.0,67.0,61115.0,127359.0,pre2011
Hawaii County,2011,in,3554.0,6394.0,840.0,1549.0,2677.0,4782.0,37.0,63.0,64588.0,135052.0,2011_2021
Hawaii County,2012,in,3905.0,7048.0,907.0,1681.0,2921.0,5207.0,77.0,160.0,65395.0,136004.0,2011_2021
Hawaii County,2013,in,3894.0,7127.0,903.0,1714.0,2887.0,5209.0,104.0,204.0,66180.0,136802.0,2011_2021
Hawaii County,2014,in,3028.0,5286.0,750.0,1333.0,2227.0,3844.0,51.0,109.0,67698.0,138857.0,2011_2021
Hawaii County,2015,in,3958.0,7067.0,958.0,1786.0,2971.0,5222.0,29.0,59.0,68366.0,139312.0,2011_2021
Hawaii County,2016,in,4974.0,9055.0,1112.0,2033.0,3862.0,7022.0,,,68990.0,139725.0,2011_2021
Hawaii County,2017,in,4003.0,7018.0,883.0,1597.0,3067.0,5331.0,53.0,90.0,70835.0,142339.0,2011_2021
Hawaii County,2018,in,3784.0,6778.0,822.0,1505.0,2962.0,5273.0,,,72094.0,143841.0,2011_2021
Hawaii County,2019,in,4228.0,7799.0,947.0,1788.0,3281.0,6011.0,,,73371.0,149994.0,2011_2021
Hawaii County,2020,in,4696.0,8303.0,958.0,1714.0,3716.0,6545.0,22.0,44.0,74235.0,143716.0,2011_2021
Hawaii County,2021,in,4313.0,7607.0,930.0,1609.0,3383.0,5998.0,,,76294.0,147334.0,2011_2021
Hawaii County,2022,in,4103.0,7086.0,847.0,1524.0,3200.0,5462.0,56.0,100.0,78069.0,150179.0,post2022
Honolulu County,1990,in,22464.0,44605.0,1571.0,2635.0,18462.0,36614.0,2431.0,5356.0,306764.0,646835.0,pre2011
Honolulu County,1991,in,24919.0,48804.0,1732.0,2919.0,19815.0,39403.0,3372.0,6482.0,313599.0,655891.0,pre2011
Honolulu County,1992,in,24749.0,49384.0,1792.0,3035.0,19518.0,40157.0,3439.0,6192.0,315552.0,658888.0,pre2011
Honolulu County,1993,in,22555.0,44090.0,1716.0,2883.0,17795.0,35888.0,3044.0,5319.0,316315.0,661851.0,pre2011
Honolulu County,1994,in,21346.0,43174.0,1646.0,2820.0,16675.0,34805.0,3025.0,5549.0,313982.0,656009.0,pre2011
Honolulu County,1995,in,19428.0,39518.0,1312.0,2191.0,15278.0,32321.0,2838.0,5006.0,314170.0,657015.0,pre2011
Honolulu County,1996,in,19181.0,38079.0,1248.0,1994.0,14599.0,30347.0,3334.0,5738.0,313752.0,658563.0,pre2011
Honolulu County,1997,in,19483.0,38487.0,1322.0,2194.0,14785.0,30595.0,3376.0,5698.0,312509.0,655639.0,pre2011
Honolulu County,1998,in,17712.0,34385.0,1271.0,2063.0,13522.0,27338.0,2919.0,4984.0,312812.0,657132.0,pre2011
Honolulu County,1999,in,18177.0,34371.0,1295.0,2085.0,13870.0,27096.0,3012.0,5190.0,313056.0,656041.0,pre2011
Honolulu County,2000,in,20205.0,39295.0,1381.0,2275.0,15473.0,31240.0,3351.0,5780.0,314692.0,656619.0,pre2011
Honolulu County,2001,in,21214.0,40537.0,1369.0,2189.0,16342.0,32349.0,3503.0,5999.0,320947.0,667641.0,pre2011
Honolulu County,2002,in,21107.0,39497.0,1399.0,2301.0,16616.0,31778.0,3092.0,5418.0,323921.0,675323.0,pre2011
Honolulu County,2003,in,20557.0,38769.0,1383.0,2243.0,15948.0,30934.0,3226.0,5592.0,326539.0,681066.0,pre2011
Honolulu County,2004,in,20372.0,37968.0,1369.0,2227.0,15671.0,30085.0,3332.0,5656.0,329559.0,686164.0,pre2011
Honolulu County,2005,in,22859.0,43898.0,1303.0,2113.0,18318.0,35905.0,3238.0,5880.0,331901.0,685543.0,pre2011
Honolulu County,2006,in,19657.0,37070.0,1248.0,1993.0,15821.0,30408.0,2588.0,4669.0,338459.0,694530.0,pre2011
Honolulu County,2007,in,21180.0,40168.0,1369.0,2255.0,17182.0,33303.0,2629.0,4610.0,351902.0,713941.0,pre2011
Honolulu County,2008,in,21415.0,42020.0,1589.0,2560.0,17446.0,35200.0,2380.0,4260.0,357694.0,725471.0,pre2011
Honolulu County,2009,in,20880.0,41225.0,1461.0,2526.0,17735.0,35033.0,1684.0,3666.0,355045.0,725946.0,pre2011
Honolulu County,2010,in,21643.0,43720.0,1433.0,2434.0,18677.0,37911.0,1533.0,3375.0,353973.0,728334.0,pre2011
Honolulu County,2011,in,22105.0,45156.0,1447.0,2488.0,18976.0,38757.0,1682.0,3911.0,370088.0,766678.0,2011_2021
Honolulu County,2012,in,22878.0,47094.0,1405.0,2396.0,19910.0,41043.0,1563.0,3655.0,371893.0,768456.0,2011_2021
Honolulu County,2013,in,21650.0,44680.0,1342.0,2343.0,18749.0,38733.0,1559.0,3604.0,376167.0,773137.0,2011_2021
Honolulu County,2014,in,17962.0,35083.0,1170.0,1972.0,15234.0,29502.0,1558.0,3609.0,384837.0,787736.0,2011_2021
Honolulu County,2015,in,21071.0,42885.0,1276.0,2083.0,18414.0,37573.0,1381.0,3229.0,385320.0,780700.0,2011_2021
Honolulu County,2016,in,25933.0,55083.0,1473.0,2419.0,23171.0,49647.0,1289.0,3017.0,379860.0,756358.0,2011_2021
Honolulu County,2017,in,20668.0,42172.0,1249.0,2097.0,18204.0,37200.0,1215.0,2875.0,386851.0,767255.0,2011_2021
Honolulu County,2018,in,19907.0,39423.0,1294.0,2038.0,17425.0,34620.0,1188.0,2765.0,389414.0,767929.0,2011_2021
Honolulu County,2019,in,20123.0,41577.0,1199.0,1975.0,17761.0,36767.0,1163.0,2835.0,390920.0,786322.0,2011_2021
Honolulu County,2020,in,19469.0,38238.0,1076.0,1643.0,17297.0,34046.0,1096.0,2549.0,384999.0,734861.0,2011_2021
Honolulu County,2021,in,20356.0,39313.0,1096.0,1686.0,18207.0,34977.0,1053.0,2650.0,390689.0,743950.0,2011_2021
Honolulu County,2022,in,21092.0,39254.0,1261.0,1957.0,18542.0,34431.0,1289.0,2866.0,398332.0,755775.0,post2022
Kauai County,1990,in,1504.0,2676.0,514.0,954.0,959.0,1656.0,31.0,66.0,19022.0,42452.0,pre2011
Kauai County,1991,in,1322.0,2261.0,449.0,803.0,846.0,1416.0,27.0,42.0,19797.0,43685.0,pre2011
Kauai County,1992,in,1468.0,2493.0,494.0,813.0,939.0,1619.0,35.0,61.0,19542.0,43184.0,pre2011
Kauai County,1993,in,1256.0,2185.0,446.0,790.0,795.0,1366.0,15.0,29.0,19340.0,43040.0,pre2011
Kauai County,1994,in,1136.0,1999.0,405.0,711.0,705.0,1227.0,26.0,61.0,19394.0,43466.0,pre2011
Kauai County,1995,in,974.0,1696.0,329.0,583.0,612.0,1045.0,33.0,68.0,19405.0,43376.0,pre2011
Kauai County,1996,in,774.0,1341.0,257.0,462.0,497.0,844.0,20.0,35.0,19332.0,43156.0,pre2011
Kauai County,1997,in,874.0,1483.0,270.0,469.0,582.0,982.0,22.0,32.0,19262.0,42871.0,pre2011
Kauai County,1998,in,991.0,1678.0,319.0,543.0,642.0,1082.0,30.0,53.0,19634.0,43257.0,pre2011
Kauai County,1999,in,991.0,1724.0,286.0,500.0,678.0,1166.0,27.0,58.0,20034.0,43720.0,pre2011
Kauai County,2000,in,1067.0,1794.0,266.0,474.0,775.0,1268.0,26.0,52.0,20497.0,44251.0,pre2011
Kauai County,2001,in,1112.0,1904.0,270.0,477.0,819.0,1381.0,23.0,46.0,20863.0,44700.0,pre2011
Kauai County,2002,in,1127.0,1958.0,264.0,464.0,841.0,1451.0,22.0,43.0,21096.0,44985.0,pre2011
Kauai County,2003,in,1238.0,2130.0,311.0,533.0,896.0,1536.0,31.0,61.0,21528.0,45470.0,pre2011
Kauai County,2004,in,1224.0,2093.0,305.0,531.0,890.0,1503.0,29.0,59.0,21961.0,45981.0,pre2011
Kauai County,2005,in,1258.0,2114.0,331.0,571.0,899.0,1488.0,28.0,55.0,22241.0,46127.0,pre2011
Kauai County,2006,in,1392.0,2352.0,366.0,636.0,1004.0,1670.0,22.0,46.0,22776.0,46552.0,pre2011
Kauai County,2007,in,1446.0,2443.0,362.0,628.0,1057.0,1776.0,27.0,39.0,24392.0,48970.0,pre2011
Kauai County,2008,in,1243.0,2038.0,354.0,608.0,874.0,1411.0,15.0,19.0,25274.0,50658.0,pre2011
Kauai County,2009,in,1129.0,1941.0,298.0,537.0,813.0,1369.0,18.0,35.0,24933.0,50502.0,pre2011
Kauai County,2010,in,1189.0,2010.0,330.0,589.0,836.0,1375.0,23.0,46.0,24683.0,50403.0,pre2011
Kauai County,2011,in,1434.0,2508.0,328.0,594.0,1075.0,1846.0,31.0,68.0,26355.0,53905.0,2011_2021
Kauai County,2012,in,1510.0,2603.0,334.0,560.0,1165.0,2018.0,11.0,25.0,26633.0,54329.0,2011_2021
Kauai County,2013,in,1354.0,2364.0,307.0,542.0,1047.0,1822.0,,,27139.0,54947.0,2011_2021
Kauai County,2014,in,1154.0,1957.0,282.0,476.0,832.0,1393.0,40.0,88.0,27690.0,55591.0,2011_2021
Kauai County,2015,in,1411.0,2358.0,372.0,620.0,1019.0,1698.0,20.0,40.0,27778.0,55503.0,2011_2021
Kauai County,2016,in,1810.0,3105.0,400.0,668.0,1410.0,2437.0,,,27793.0,55074.0,2011_2021
Kauai County,2017,in,1412.0,2400.0,295.0,495.0,1117.0,1905.0,,,28610.0,56333.0,2011_2021
Kauai County,2018,in,1306.0,2158.0,300.0,499.0,1006.0,1659.0,,,28928.0,56490.0,2011_2021
Kauai County,2019,in,1474.0,2659.0,325.0,541.0,1149.0,2118.0,,,29248.0,58306.0,2011_2021
Kauai County,2020,in,1465.0,2474.0,353.0,565.0,1112.0,1909.0,,,29065.0,55325.0,2011_2021
Kauai County,2021,in,1349.0,2213.0,300.0,477.0,1049.0,1736.0,,,29698.0,56455.0,2011_2021
Kauai County,2022,in,1209.0,1933.0,248.0,404.0,940.0,1484.0,21.0,45.0,30516.0,57494.0,post2022
Maui County,1990,in,3099.0,5124.0,923.0,1676.0,2143.0,3386.0,33.0,62.0,37328.0,79863.0,pre2011
Maui County,1991,in,3155.0,5038.0,939.0,1643.0,2157.0,3289.0,59.0,106.0,38908.0,83078.0,pre2011
Maui County,1992,in,3279.0,5345.0,935.0,1683.0,2252.0,3531.0,92.0,131.0,40134.0,85486.0,pre2011
Maui County,1993,in,3001.0,4875.0,865.0,1467.0,2090.0,3340.0,46.0,68.0,40658.0,86826.0,pre2011
Maui County,1994,in,3070.0,4943.0,845.0,1476.0,2168.0,3375.0,57.0,92.0,41274.0,88117.0,pre2011
Maui County,1995,in,2602.0,4223.0,730.0,1319.0,1828.0,2833.0,44.0,71.0,41843.0,89687.0,pre2011
Maui County,1996,in,2463.0,3870.0,717.0,1243.0,1675.0,2537.0,71.0,90.0,41994.0,90239.0,pre2011
Maui County,1997,in,2434.0,3797.0,715.0,1174.0,1627.0,2497.0,92.0,126.0,42587.0,91237.0,pre2011
Maui County,1998,in,2517.0,4032.0,743.0,1241.0,1708.0,2683.0,66.0,108.0,43453.0,92564.0,pre2011
Maui County,1999,in,2830.0,4505.0,695.0,1163.0,2067.0,3247.0,68.0,95.0,44558.0,94368.0,pre2011
Maui County,2000,in,3117.0,4956.0,753.0,1323.0,2304.0,3557.0,60.0,76.0,45849.0,96527.0,pre2011
Maui County,2001,in,2941.0,4630.0,685.0,1110.0,2171.0,3407.0,85.0,113.0,47113.0,98219.0,pre2011
Maui County,2002,in,3036.0,4900.0,634.0,1102.0,2348.0,3722.0,54.0,76.0,48025.0,100011.0,pre2011
Maui County,2003,in,3142.0,5085.0,548.0,963.0,2517.0,3994.0,77.0,128.0,48686.0,101181.0,pre2011
Maui County,2004,in,3169.0,5097.0,637.0,1146.0,2473.0,3871.0,59.0,80.0,49518.0,102187.0,pre2011
Maui County,2005,in,3283.0,5190.0,647.0,1123.0,2553.0,3936.0,83.0,131.0,50171.0,102563.0,pre2011
Maui County,2006,in,3163.0,4961.0,726.0,1239.0,2390.0,3645.0,47.0,77.0,51265.0,103973.0,pre2011
Maui County,2007,in,3548.0,5614.0,765.0,1317.0,2712.0,4200.0,71.0,97.0,54343.0,108914.0,pre2011
Maui County,2008,in,2947.0,4581.0,665.0,1094.0,2234.0,3417.0,48.0,70.0,55823.0,112552.0,pre2011
Maui County,2009,in,2571.0,4182.0,575.0,1009.0,1969.0,3124.0,27.0,49.0,55096.0,112624.0,pre2011
Maui County,2010,in,2853.0,4588.0,576.0,989.0,2248.0,3546.0,29.0,53.0,54280.0,112124.0,pre2011
Maui County,2011,in,3132.0,5167.0,618.0,1054.0,2485.0,4068.0,29.0,45.0,58155.0,120243.0,2011_2021
Maui County,2012,in,3549.0,5951.0,764.0,1348.0,2746.0,4534.0,39.0,69.0,58947.0,121096.0,2011_2021
Maui County,2013,in,3419.0,5656.0,713.0,1223.0,2684.0,4389.0,22.0,44.0,60354.0,123048.0,2011_2021
Maui County,2014,in,2576.0,4065.0,559.0,944.0,1995.0,3081.0,22.0,40.0,62236.0,125571.0,2011_2021
Maui County,2015,in,3335.0,5428.0,722.0,1244.0,2571.0,4101.0,42.0,83.0,62667.0,125263.0,2011_2021
Maui County,2016,in,3966.0,6529.0,810.0,1370.0,3156.0,5159.0,,,63128.0,124784.0,2011_2021
Maui County,2017,in,3372.0,5553.0,624.0,1059.0,2748.0,4494.0,,,64891.0,126921.0,2011_2021
Maui County,2018,in,3207.0,5291.0,568.0,972.0,2639.0,4319.0,,,65870.0,128129.0,2011_2021
Maui County,2019,in,3406.0,5608.0,623.0,1065.0,2783.0,4543.0,,,67107.0,133286.0,2011_2021
Maui County,2020,in,3162.0,5167.0,585.0,953.0,2577.0,4214.0,,,66950.0,126309.0,2011_2021
Maui County,2021,in,3154.0,4974.0,507.0,860.0,2647.0,4114.0,,,67621.0,127037.0,2011_2021
Maui County,2022,in,2848.0,4491.0,474.0,794.0,2344.0,3654.0,30.0,43.0,68244.0,127350.0,post2022
Hawaii County,1990,out,2489.0,4513.0,948.0,1617.0,1469.0,2763.0,72.0,133.0,41761.0,92322.0,pre2011
Hawaii County,1991,out,2659.0,4815.0,1000.0,1725.0,1595.0,2987.0,64.0,103.0,43338.0,95208.0,pre2011
Hawaii County,1992,out,2593.0,4767.0,1041.0,1810.0,1489.0,2823.0,63.0,134.0,43764.0,96345.0,pre2011
Hawaii County,1993,out,2506.0,4655.0,965.0,1680.0,1503.0,2906.0,38.0,69.0,43675.0,96503.0,pre2011
Hawaii County,1994,out,2455.0,4452.0,977.0,1709.0,1410.0,2632.0,68.0,111.0,43118.0,95168.0,pre2011
Hawaii County,1995,out,2359.0,4280.0,773.0,1310.0,1534.0,2880.0,52.0,90.0,44285.0,96982.0,pre2011
Hawaii County,1996,out,2263.0,3907.0,676.0,1167.0,1525.0,2650.0,62.0,90.0,44480.0,97053.0,pre2011
Hawaii County,1997,out,2346.0,4115.0,803.0,1376.0,1480.0,2617.0,63.0,122.0,45118.0,97875.0,pre2011
Hawaii County,1998,out,2548.0,4482.0,767.0,1299.0,1720.0,3091.0,61.0,92.0,45820.0,98985.0,pre2011
Hawaii County,1999,out,2307.0,4068.0,771.0,1313.0,1476.0,2635.0,60.0,120.0,47010.0,100629.0,pre2011
Hawaii County,2000,out,2433.0,4126.0,812.0,1412.0,1557.0,2610.0,64.0,104.0,48241.0,102091.0,pre2011
Hawaii County,2001,out,2434.0,4090.0,789.0,1293.0,1572.0,2688.0,73.0,109.0,49710.0,104122.0,pre2011
Hawaii County,2002,out,2348.0,3945.0,799.0,1375.0,1484.0,2464.0,65.0,106.0,50872.0,106361.0,pre2011
Hawaii County,2003,out,2352.0,4009.0,772.0,1341.0,1527.0,2591.0,53.0,77.0,52184.0,108519.0,pre2011
Hawaii County,2004,out,2552.0,4308.0,737.0,1182.0,1761.0,3039.0,54.0,87.0,53435.0,110942.0,pre2011
Hawaii County,2005,out,2735.0,4607.0,729.0,1192.0,1933.0,3298.0,73.0,117.0,55199.0,114558.0,pre2011
Hawaii County,2006,out,2889.0,4845.0,783.0,1317.0,2049.0,3433.0,57.0,95.0,57518.0,118247.0,pre2011
Hawaii County,2007,out,3231.0,5505.0,874.0,1471.0,2292.0,3912.0,65.0,122.0,61406.0,124886.0,pre2011
Hawaii County,2008,out,3309.0,5725.0,947.0,1666.0,2286.0,3934.0,76.0,125.0,63352.0,129134.0,pre2011
Hawaii County,2009,out,2978.0,5281.0,883.0,1613.0,2036.0,3561.0,59.0,107.0,62002.0,128305.0,pre2011
Hawaii County,2010,out,2855.0,5076.0,858.0,1529.0,1935.0,3446.0,62.0,101.0,61115.0,127359.0,pre2011
Hawaii County,2011,out,3138.0,5676.0,865.0,1530.0,2179.0,3955.0,94.0,191.0,64588.0,135052.0,2011_2021
Hawaii County,2012,out,3105.0,5641.0,846.0,1491.0,2202.0,4051.0,57.0,99.0,65395.0,136004.0,2011_2021
Hawaii County,2013,out,3104.0,5757.0,806.0,1461.0,2267.0,4252.0,31.0,44.0,66143.0,136725.0,2011_2021
Hawaii County,2014,out,2684.0,4791.0,699.0,1243.0,1934.0,3432.0,51.0,116.0,67698.0,138857.0,2011_2021
Hawaii County,2015,out,3365.0,5856.0,793.0,1353.0,2528.0,4432.0,44.0,71.0,68366.0,139312.0,2011_2021
Hawaii County,2016,out,4106.0,7389.0,839.0,1466.0,3207.0,5790.0,60.0,133.0,68990.0,139725.0,2011_2021
Hawaii County,2017,out,3653.0,6594.0,741.0,1305.0,2846.0,5155.0,66.0,134.0,70835.0,142339.0,2011_2021
Hawaii County,2018,out,3645.0,6358.0,737.0,1204.0,2888.0,5123.0,20.0,31.0,72094.0,143841.0,2011_2021
Hawaii County,2019,out,3448.0,6209.0,713.0,1254.0,2714.0,4925.0,21.0,30.0,73371.0,149994.0,2011_2021
Hawaii County,2020,out,3515.0,6078.0,657.0,1068.0,2834.0,4967.0,24.0,43.0,74235.0,143716.0,2011_2021
Hawaii County,2021,out,3640.0,6268.0,634.0,1013.0,2982.0,5217.0,24.0,38.0,76294.0,147334.0,2011_2021
Hawaii County,2022,out,3699.0,6143.0,701.0,1148.0,2935.0,4904.0,63.0,91.0,78069.0,150179.0,post2022
Honolulu County,1990,out,23511.0,50863.0,2339.0,4375.0,19572.0,43394.0,1600.0,3094.0,306764.0,646835.0,pre2011
Honolulu County,1991,out,23574.0,51085.0,2203.0,4200.0,19823.0,43888.0,1548.0,2997.0,313599.0,655891.0,pre2011
Honolulu County,1992,out,25060.0,56120.0,2067.0,3969.0,21462.0,49272.0,1531.0,2879.0,315552.0,658888.0,pre2011
Honolulu County,1993,out,23370.0,50406.0,1931.0,3517.0,19738.0,43695.0,1701.0,3194.0,316315.0,661851.0,pre2011
Honolulu County,1994,out,24658.0,52464.0,1834.0,3318.0,21131.0,45907.0,1693.0,3239.0,313982.0,656009.0,pre2011
Honolulu County,1995,out,23171.0,50048.0,1471.0,2728.0,20104.0,44142.0,1596.0,3178.0,314170.0,657015.0,pre2011
Honolulu County,1996,out,22104.0,47105.0,1413.0,2573.0,19172.0,41560.0,1519.0,2972.0,313752.0,658563.0,pre2011
Honolulu County,1997,out,22191.0,48253.0,1310.0,2307.0,19302.0,42705.0,1579.0,3241.0,312509.0,655639.0,pre2011
Honolulu County,1998,out,22463.0,47836.0,1343.0,2362.0,19422.0,42175.0,1698.0,3299.0,312812.0,657132.0,pre2011
Honolulu County,1999,out,21730.0,45937.0,1300.0,2262.0,18468.0,39935.0,1962.0,3740.0,313056.0,656041.0,pre2011
Honolulu County,2000,out,20621.0,43180.0,1366.0,2422.0,17516.0,37558.0,1739.0,3200.0,314692.0,656619.0,pre2011
Honolulu County,2001,out,19571.0,40875.0,1263.0,2181.0,16772.0,35663.0,1536.0,3031.0,320947.0,667641.0,pre2011
Honolulu County,2002,out,19867.0,40994.0,1288.0,2237.0,16845.0,35411.0,1734.0,3346.0,323921.0,675323.0,pre2011
Honolulu County,2003,out,19540.0,41482.0,1263.0,2235.0,16660.0,36195.0,1617.0,3052.0,326539.0,681066.0,pre2011
Honolulu County,2004,out,19289.0,39780.0,1271.0,2282.0,16250.0,34179.0,1768.0,3319.0,329559.0,686164.0,pre2011
Honolulu County,2005,out,21899.0,46572.0,1420.0,2583.0,19017.0,40969.0,1462.0,3020.0,331901.0,685543.0,pre2011
Honolulu County,2006,out,22453.0,46315.0,1535.0,2715.0,19308.0,40525.0,1610.0,3075.0,338459.0,694530.0,pre2011
Honolulu County,2007,out,21933.0,44824.0,1626.0,2856.0,18864.0,39069.0,1443.0,2899.0,351902.0,713941.0,pre2011
Honolulu County,2008,out,22331.0,45771.0,1319.0,2260.0,19436.0,40491.0,1576.0,3020.0,357694.0,725471.0,pre2011
Honolulu County,2009,out,20114.0,42387.0,1144.0,1989.0,17604.0,37563.0,1366.0,2835.0,355045.0,725946.0,pre2011
Honolulu County,2010,out,21191.0,44719.0,1222.0,2209.0,18621.0,39723.0,1348.0,2787.0,353973.0,728334.0,pre2011
Honolulu County,2011,out,22521.0,47704.0,1319.0,2342.0,19879.0,42539.0,1323.0,2823.0,370088.0,766678.0,2011_2021
Honolulu County,2012,out,23930.0,52116.0,1508.0,2765.0,21170.0,46508.0,1252.0,2843.0,371893.0,768456.0,2011_2021
Honolulu County,2013,out,23137.0,50836.0,1445.0,2612.0,20543.0,45632.0,1149.0,2592.0,375960.0,772588.0,2011_2021
Honolulu County,2014,out,17322.0,34061.0,1163.0,1996.0,15204.0,30104.0,955.0,1961.0,384837.0,787736.0,2011_2021
Honolulu County,2015,out,24581.0,53251.0,1518.0,2697.0,21715.0,47497.0,1348.0,3057.0,385320.0,780700.0,2011_2021
Honolulu County,2016,out,33987.0,77179.0,1730.0,3005.0,30833.0,70600.0,1424.0,3574.0,379860.0,756358.0,2011_2021
Honolulu County,2017,out,24483.0,51903.0,1324.0,2277.0,22229.0,47408.0,930.0,2218.0,386851.0,767255.0,2011_2021
Honolulu County,2018,out,23268.0,48749.0,1231.0,2168.0,21079.0,44242.0,958.0,2339.0,389414.0,767929.0,2011_2021
Honolulu County,2019,out,24066.0,52458.0,1414.0,2525.0,21728.0,47615.0,924.0,2318.0,390920.0,786322.0,2011_2021
Honolulu County,2020,out,24189.0,50629.0,1370.0,2319.0,21945.0,46222.0,874.0,2088.0,384999.0,734861.0,2011_2021
Honolulu County,2021,out,23942.0,48283.0,1269.0,2158.0,21841.0,44098.0,832.0,2027.0,390689.0,743950.0,2011_2021
Honolulu County,2022,out,23227.0,45084.0,1126.0,1946.0,20909.0,40709.0,1192.0,2429.0,398332.0,755775.0,post2022
Kauai County,1990,out,1143.0,2013.0,465.0,833.0,658.0,1152.0,20.0,28.0,19022.0,42452.0,pre2011
Kauai County,1991,out,1211.0,2191.0,515.0,888.0,658.0,1232.0,38.0,71.0,19797.0,43685.0,pre2011
Kauai County,1992,out,1315.0,2315.0,562.0,951.0,728.0,1324.0,25.0,40.0,19542.0,43184.0,pre2011
Kauai County,1993,out,1314.0,2303.0,537.0,890.0,763.0,1392.0,14.0,21.0,19340.0,43040.0,pre2011
Kauai County,1994,out,1251.0,2194.0,471.0,812.0,770.0,1357.0,10.0,25.0,19394.0,43466.0,pre2011
Kauai County,1995,out,1020.0,1820.0,367.0,636.0,636.0,1156.0,17.0,28.0,19405.0,43376.0,pre2011
Kauai County,1996,out,1104.0,1950.0,383.0,646.0,693.0,1254.0,28.0,50.0,19332.0,43156.0,pre2011
Kauai County,1997,out,1041.0,1866.0,350.0,538.0,669.0,1282.0,22.0,46.0,19262.0,42871.0,pre2011
Kauai County,1998,out,990.0,1682.0,344.0,553.0,627.0,1089.0,19.0,40.0,19634.0,43257.0,pre2011
Kauai County,1999,out,1096.0,1842.0,364.0,601.0,704.0,1197.0,28.0,44.0,20034.0,43720.0,pre2011
Kauai County,2000,out,1009.0,1720.0,361.0,609.0,623.0,1049.0,25.0,62.0,20497.0,44251.0,pre2011
Kauai County,2001,out,1012.0,1650.0,379.0,599.0,609.0,1011.0,24.0,40.0,20863.0,44700.0,pre2011
Kauai County,2002,out,1035.0,1767.0,374.0,619.0,637.0,1103.0,24.0,45.0,21096.0,44985.0,pre2011
Kauai County,2003,out,919.0,1548.0,326.0,511.0,565.0,979.0,28.0,58.0,21528.0,45470.0,pre2011
Kauai County,2004,out,1162.0,1931.0,398.0,646.0,731.0,1225.0,33.0,60.0,21961.0,45981.0,pre2011
Kauai County,2005,out,1208.0,2078.0,410.0,675.0,775.0,1364.0,23.0,39.0,22241.0,46127.0,pre2011
Kauai County,2006,out,1191.0,2017.0,317.0,532.0,849.0,1442.0,25.0,43.0,22776.0,46552.0,pre2011
Kauai County,2007,out,1195.0,2030.0,374.0,632.0,798.0,1356.0,23.0,42.0,24392.0,48970.0,pre2011
Kauai County,2008,out,1198.0,1951.0,322.0,478.0,859.0,1438.0,17.0,35.0,25274.0,50658.0,pre2011
Kauai County,2009,out,1144.0,1962.0,374.0,642.0,752.0,1286.0,18.0,34.0,24933.0,50502.0,pre2011
Kauai County,2010,out,1172.0,1984.0,349.0,574.0,807.0,1381.0,16.0,29.0,24683.0,50403.0,pre2011
Kauai County,2011,out,1268.0,2245.0,378.0,632.0,878.0,1594.0,12.0,19.0,26355.0,53905.0,2011_2021
Kauai County,2012,out,1291.0,2205.0,365.0,610.0,888.0,1533.0,38.0,62.0,26633.0,54329.0,2011_2021
Kauai County,2013,out,1311.0,2264.0,334.0,567.0,907.0,1573.0,70.0,124.0,27128.0,54921.0,2011_2021
Kauai County,2014,out,1094.0,1871.0,268.0,445.0,771.0,1329.0,55.0,97.0,27690.0,55591.0,2011_2021
Kauai County,2015,out,1370.0,2425.0,340.0,577.0,973.0,1732.0,57.0,116.0,27778.0,55503.0,2011_2021
Kauai County,2016,out,1651.0,2915.0,420.0,677.0,1231.0,2238.0,,,27793.0,55074.0,2011_2021
Kauai County,2017,out,1377.0,2347.0,332.0,553.0,1045.0,1794.0,,,28610.0,56333.0,2011_2021
Kauai County,2018,out,1391.0,2323.0,341.0,547.0,1050.0,1776.0,,,28928.0,56490.0,2011_2021
Kauai County,2019,out,1393.0,2355.0,347.0,613.0,1046.0,1742.0,,,29248.0,58306.0,2011_2021
Kauai County,2020,out,1399.0,2424.0,303.0,457.0,1096.0,1967.0,,,29065.0,55325.0,2011_2021
Kauai County,2021,out,1421.0,2336.0,308.0,472.0,1113.0,1864.0,,,29698.0,56455.0,2011_2021
Kauai County,2022,out,1342.0,2195.0,284.0,447.0,1034.0,1716.0,24.0,32.0,30516.0,57494.0,post2022
Maui County,1990,out,2245.0,3850.0,740.0,1308.0,1459.0,2457.0,46.0,85.0,37328.0,79863.0,pre2011
Maui County,1991,out,2526.0,4335.0,832.0,1458.0,1652.0,2801.0,42.0,76.0,38908.0,83078.0,pre2011
Maui County,1992,out,2613.0,4436.0,876.0,1489.0,1706.0,2898.0,31.0,49.0,40134.0,85486.0,pre2011
Maui County,1993,out,2549.0,4263.0,777.0,1317.0,1729.0,2882.0,43.0,64.0,40658.0,86826.0,pre2011
Maui County,1994,out,2557.0,4193.0,722.0,1232.0,1799.0,2905.0,36.0,56.0,41274.0,88117.0,pre2011
Maui County,1995,out,2392.0,3942.0,609.0,1057.0,1733.0,2809.0,50.0,76.0,41843.0,89687.0,pre2011
Maui County,1996,out,2489.0,4058.0,694.0,1083.0,1737.0,2887.0,58.0,88.0,41994.0,90239.0,pre2011
Maui County,1997,out,2477.0,4088.0,656.0,1095.0,1766.0,2916.0,55.0,77.0,42587.0,91237.0,pre2011
Maui County,1998,out,2550.0,4218.0,643.0,1049.0,1872.0,3110.0,35.0,59.0,43453.0,92564.0,pre2011
Maui County,1999,out,2345.0,3775.0,641.0,1018.0,1650.0,2673.0,54.0,84.0,44558.0,94368.0,pre2011
Maui County,2000,out,2400.0,3956.0,710.0,1177.0,1634.0,2704.0,56.0,75.0,45849.0,96527.0,pre2011
Maui County,2001,out,2758.0,4519.0,733.0,1253.0,1954.0,3156.0,71.0,110.0,47113.0,98219.0,pre2011
Maui County,2002,out,2509.0,4104.0,746.0,1243.0,1711.0,2781.0,52.0,80.0,48025.0,100011.0,pre2011
Maui County,2003,out,2663.0,4448.0,758.0,1269.0,1852.0,3092.0,53.0,87.0,48686.0,101181.0,pre2011
Maui County,2004,out,2854.0,4876.0,822.0,1449.0,1952.0,3309.0,80.0,118.0,49518.0,102187.0,pre2011
Maui County,2005,out,2925.0,5020.0,709.0,1218.0,2162.0,3717.0,54.0,85.0,50171.0,102563.0,pre2011
Maui County,2006,out,3024.0,5035.0,714.0,1156.0,2257.0,3788.0,53.0,91.0,51265.0,103973.0,pre2011
Maui County,2007,out,3085.0,4983.0,764.0,1269.0,2276.0,3632.0,45.0,82.0,54343.0,108914.0,pre2011
Maui County,2008,out,3396.0,5358.0,854.0,1354.0,2481.0,3913.0,61.0,91.0,55823.0,112552.0,pre2011
Maui County,2009,out,2854.0,4701.0,695.0,1189.0,2094.0,3414.0,65.0,98.0,55096.0,112624.0,pre2011
Maui County,2010,out,2638.0,4304.0,679.0,1141.0,1915.0,3102.0,44.0,61.0,54280.0,112124.0,pre2011
Maui County,2011,out,2760.0,4710.0,670.0,1178.0,2038.0,3450.0,52.0,82.0,58155.0,120243.0,2011_2021
Maui County,2012,out,2951.0,4954.0,695.0,1131.0,2211.0,3749.0,45.0,74.0,58947.0,121096.0,2011_2021
Maui County,2013,out,2951.0,4992.0,690.0,1210.0,2224.0,3724.0,37.0,58.0,60328.0,122983.0,2011_2021
Maui County,2014,out,2627.0,4291.0,631.0,1041.0,1964.0,3198.0,32.0,52.0,62236.0,125571.0,2011_2021
Maui County,2015,out,3066.0,5223.0,677.0,1106.0,2358.0,4065.0,31.0,52.0,62667.0,125263.0,2011_2021
Maui County,2016,out,3904.0,6773.0,806.0,1342.0,3098.0,5431.0,,,63128.0,124784.0,2011_2021
Maui County,2017,out,3190.0,5459.0,654.0,1113.0,2536.0,4346.0,,,64891.0,126921.0,2011_2021
Maui County,2018,out,3214.0,5268.0,675.0,1095.0,2539.0,4173.0,,,65870.0,128129.0,2011_2021
Maui County,2019,out,3258.0,5470.0,620.0,977.0,2638.0,4493.0,,,67107.0,133286.0,2011_2021
Maui County,2020,out,3502.0,5754.0,642.0,1031.0,2860.0,4723.0,,,66950.0,126309.0,2011_2021
Maui County,2021,out,3321.0,5530.0,622.0,989.0,2699.0,4541.0,,,67621.0,127037.0,2011_2021
Maui County,2022,out,3530.0,5774.0,719.0,1138.0,2745.0,4527.0,66.0,109.0,68244.0,127350.0,post2022
