county,year,era,households_at_risk,out_rate_all,out_rate_diff_state,out_rate_same_state,in_rate_all,net_rate,net_migration_returns,avg_household_size,visitor_days,ln_visitor_days,unemployment_rate,labor_force,ln_labor_force,hpi_1990_base,ln_hpi,ln_out_rate_diff_state
Hawaii County,1990,pre2011,44250.0,0.05624858757062147,0.03319774011299435,0.021423728813559324,0.08262146892655367,0.026372881355932205,1167.0,2.210722923301645,,,0.037770279575816,58088,10.969714381060083,100.0,4.605170185988092,-3.405273474262198
Hawaii County,1991,pre2011,45997.0,0.05780811792073396,0.034676174533121724,0.02174054829662804,0.07220036089310172,0.014392242972367764,662.0,2.1968711061885644,,,0.044930176077717,62586,11.044296889904025,116.67,4.759349436835766,-3.3617024407342364
Hawaii County,1992,pre2011,46357.0,0.05593545742822012,0.0321202838837716,0.022456155488922925,0.06648402614491879,0.010548568716698665,489.0,2.2014669591445024,,,0.0730060201503478,64118,11.068480414721115,117.65,4.767714115173372,-3.4382675517181127
Hawaii County,1993,pre2011,46181.0,0.054264740910764164,0.03254585219029471,0.020896039496762737,0.06052272579632317,0.006257984885558996,289.0,2.209570692615913,,,0.0761909169443416,64824,11.079431184140562,117.41,4.76567208264212,-3.4251053473169013
Hawaii County,1994,pre2011,45573.0,0.053869615781274,0.030939371996576922,0.021438132227415356,0.058060693831874136,0.004191078050600136,191.0,2.2071524653277055,,,0.0928111999754386,65143,11.08434013242126,112.85,4.726059503263545,-3.4757257315035583
Hawaii County,1995,pre2011,46644.0,0.05057456478861161,0.03288740245261984,0.016572335134208045,0.049759883371923504,-0.0008146814166881056,-38.0,2.189951450829852,,,0.0957663467769309,64814,11.079276908387776,109.48,4.695741884172478,-3.414665598713022
Hawaii County,1996,pre2011,46743.0,0.048413666217401535,0.03262520591318486,0.01446205849004129,0.051365979932824164,0.0029523137154226302,138.0,2.1819469424460434,,,0.0919938989741902,66874,11.110565530815478,108.01,4.682223815430383,-3.4226701018439525
Hawaii County,1997,pre2011,47464.0,0.0494269340974212,0.03118152705208158,0.016918085285690207,0.048837013315354796,-0.0005899207820664082,-28.0,2.1693115829602374,,,0.0946975181720772,69062,11.142759930848998,100.01,4.605270180988425,-3.4679294411803183
Hawaii County,1998,pre2011,48368.0,0.052679457492557064,0.035560701290109166,0.015857591796228913,0.04966093284816408,-0.003018524644392987,-146.0,2.1603011785246617,,,0.0895146586403496,69106,11.14339683666637,104.15,4.645832167706981,-3.3365141472117403
Hawaii County,1999,pre2011,49317.0,0.046779001155788064,0.02992882778757832,0.015633554352454528,0.05407871525031936,0.007299714094531297,360.0,2.140587109125718,8298758.497110555,15.931616482917443,0.0805514105023804,70365,11.161451259430669,102.57,4.630545492319319,-3.5089331230172025
Hawaii County,2000,pre2011,50674.0,0.04801278762284406,0.030725816000315744,0.016023996526818487,0.05714962308086988,0.009136835458025813,463.0,2.1162703924048007,7990225.0,15.893729477546216,0.0501008514843443,73871,11.210075607726404,106.42,4.667393529168224,-3.4826520656950444
Hawaii County,2001,pre2011,52144.0,0.046678428965940474,0.0301472844430807,0.015131175207118748,0.05822338140533906,0.01154495243939859,602.0,2.0945886139609735,7688456.617113169,15.855230621353606,0.0501882222865717,75974,11.238146455473956,114.69,4.742232836376431,-3.501660428088191
Hawaii County,2002,pre2011,53220.0,0.044118752348741075,0.02788425403983465,0.01501315295001879,0.06262683201803833,0.018508079669297257,985.0,2.0907571945274412,8130989.300065612,15.911193159245881,0.0460022478371102,76518,11.245281286254954,122.25,4.8060681283549815,-3.5796931208043543
Hawaii County,2003,pre2011,54536.0,0.04312747542907437,0.027999853307906705,0.014155787003080534,0.06348100337391814,0.020353527944843772,1110.0,2.0795454545454546,8005790.379679573,15.895675635289,0.0465591961443565,78223,11.267319000936345,133.79,4.8962714064855275,-3.5755560078239887
Hawaii County,2004,pre2011,55987.0,0.0455820101094897,0.03145373033025524,0.013163770160930215,0.06994480861628592,0.02436279850679622,1364.0,2.0762047347244317,8555751.90265381,15.962114351879235,0.0395958083832335,80160,11.291779916318692,167.58,5.121460849185141,-3.4592376914146135
Hawaii County,2005,pre2011,57934.0,0.04720889287810267,0.03336555390616909,0.012583284427106708,0.06842268788621535,0.02121379500811268,1229.0,2.0753636841247123,10135365.806886656,16.13154143064428,0.0341090522037834,82676,11.322684633331727,224.87,5.415522457448741,-3.4002312313506393
Hawaii County,2006,pre2011,60407.0,0.047825583127783206,0.03391990994421176,0.012962073931829092,0.0622278874964822,0.014402304368698993,870.0,2.0558260022949337,10223937.280971648,16.140242321090383,0.0302758492148548,85844,11.360286974541372,250.53,5.5235786738332475,-3.3837531230085465
Hawaii County,2007,pre2011,64637.0,0.0499868496372047,0.03545956650215821,0.013521667156582144,0.06058449494871358,0.010597645311508887,685.0,2.0337752011204118,10180353.855225522,16.13597032832788,0.0350148232089099,87363,11.377827131048445,245.51,5.5033376796025575,-3.339362203392239
Hawaii County,2008,pre2011,66661.0,0.04963921933364336,0.03429291489776631,0.014206207527639849,0.04792907397128756,-0.0017101453623558003,-114.0,2.0383571157974494,9092338.24542081,16.02294266579456,0.0566538500799618,88167,11.386988022323571,231.47,5.444450275495997,-3.372816508894603
Hawaii County,2009,pre2011,64980.0,0.045829485995690984,0.031332717759310555,0.013588796552785472,0.04422899353647276,-0.001600492459218221,-104.0,2.069368730040966,8469605.947713213,15.951994542253576,0.0930021900404756,87213,11.376108681354177,195.9,5.277604324950495,-3.463092431552678
Hawaii County,2010,pre2011,63970.0,0.04463029545099265,0.030248554009692043,0.013412537126778177,0.04736595279037049,0.0027356573393778334,175.0,2.0839237503067984,9102155.562204571,16.02402181840417,0.0948752924998059,90171,11.409463146595483,175.63,5.168379509433644,-3.498306896980301
Hawaii County,2011,2011_2021,67726.0,0.046333756607506715,0.03217375896996722,0.012772052092254082,0.05247615391430174,0.006142397306795027,416.0,2.0909766520096613,9690668.336203735,16.08667395323296,0.0957748350236945,90316,11.411069910863219,162.99,5.093688849231541,-3.4366040974958265
Hawaii County,2012,2011_2021,68500.0,0.045328467153284674,0.03214598540145985,0.01235036496350365,0.057007299270072996,0.01167883211678832,800.0,2.07973086627418,10452516.168931896,16.1623532891078,0.0794479883071414,88259,11.388030952598463,163.42,5.096323573956561,-3.4374677069676913
Hawaii County,2013,2011_2021,69247.0,0.04482504657241469,0.03273788034138663,0.011639493407656649,0.05623348303897642,0.011408436466561728,790.0,2.0671121660644363,10678170.80723672,16.18371210409683,0.0637484111131287,88112,11.386364011502263,173.0,5.153291594497779,-3.419222451304022
Hawaii County,2014,2011_2021,70382.0,0.038134750362308546,0.027478616691767783,0.009931516580943992,0.04302236367252991,0.004887613310221363,344.0,2.051124110018021,10952957.542876055,16.209120072997454,0.0528322440087146,89964,11.407164869291062,188.99,5.241694103606946,-3.5943471516225434
Hawaii County,2015,2011_2021,71731.0,0.0469113772288132,0.03524278206075476,0.011055192315735178,0.05517837476126082,0.008266997532447617,593.0,2.037738056928883,11463839.790541451,16.254708273387386,0.0415651142875963,91086,11.41955939416077,203.76,5.316942830671201,-3.345494534924825
Hawaii County,2016,2011_2021,73096.0,0.056172704388749044,0.04387380978439313,0.011478056254788224,0.06804749917916166,0.011874794790412608,868.0,2.025293520800116,11655214.906473614,16.271264269275875,0.0373685641769398,88256,11.387996961152973,208.88,5.341759924390874,-3.1264377249853017
Hawaii County,2017,2011_2021,74488.0,0.04904145634196112,0.03820749650950488,0.009947911072924498,0.05374019976372033,0.004698743421759209,350.0,2.009444483659208,12925529.567384508,16.374714949850915,0.0273801625943125,88933,11.395638556222535,220.35,5.395217191287996,-3.264723538918568
Hawaii County,2018,2011_2021,75739.0,0.04812580044626943,0.038130949708868614,0.009730785988724434,0.049961050449570235,0.0018352500033008094,139.0,1.9951868394041112,12783659.89809301,16.363678342918178,0.0306643952299829,88637,11.39230465664302,232.08,5.447082139813149,-3.266728998292797
Hawaii County,2019,2011_2021,76819.0,0.04488472903838894,0.03532980122105208,0.009281557947903514,0.05503846704591312,0.01015373800752418,780.0,2.044322688800752,12978052.44660661,16.378770215348382,0.0340839303991811,87930,11.384296322373048,239.27,5.477592621405586,-3.3430284439769795
Hawaii County,2020,2011_2021,77750.0,0.045209003215434085,0.03645016077170418,0.00845016077170418,0.06039871382636656,0.015189710610932475,1181.0,1.9359601266249074,4992542.220670272,15.423455801055631,0.1208363724775103,86373,11.366430405953848,247.27,5.5104808570190835,-3.311809409790855
Hawaii County,2021,2011_2021,79934.0,0.04553756849400756,0.03730577726624465,0.00793154352340681,0.05395701453699302,0.008419446042985463,673.0,1.9311348205625607,10964868.85,16.21020697897828,0.061311021925946,88206,11.387430266892022,272.85,5.608922193632241,-3.2886070778315473
Hawaii County,2022,post2022,81768.0,0.04523774581743469,0.03589423735446629,0.008573035906467078,0.050178553957538403,0.004940808140103708,404.0,1.9236700867181595,13760976.242995644,16.437347335844915,0.0362147014442767,88141,11.386693083918184,336.22,5.817765707604913,-3.3271785157467155
Honolulu County,1990,pre2011,330275.0,0.07118613276814775,0.059259707819241544,0.007081977140261903,0.06801604723336613,-0.0031700855347816213,-1047.0,2.1085753217457066,,,0.0211020448289421,406880,12.916273580655947,100.0,4.605170185988092,-2.825825667337541
Honolulu County,1991,pre2011,337173.0,0.06991663033516919,0.05879177751480694,0.006533737873435892,0.07390568046670404,0.00398905013153485,1345.0,2.0914958274739397,,,0.020357839758463,412028,12.928846587187456,109.0,4.6913478822291435,-2.833753272039382
Honolulu County,1992,pre2011,340612.0,0.07357345014268435,0.06301011121158386,0.006068488485432105,0.07266038777259756,-0.000913062370086785,-311.0,2.0880488794239933,,,0.0269785033753052,417740,12.942614508409308,109.3,4.694096395182493,-2.764460070046651
Honolulu County,1993,pre2011,339685.0,0.0687990343995172,0.05810677539485111,0.005684678452095323,0.06639975271207148,-0.002399281687445722,-815.0,2.0923794318954205,,,0.0315331076352769,422984,12.955089632253928,108.96,4.690980842401202,-2.8454730058330187
Honolulu County,1994,pre2011,338640.0,0.07281478856602883,0.0623995983935743,0.005415780770139381,0.06303449090479565,-0.009780297661233167,-3312.0,2.0893204069023064,,,0.0393324542373842,423162,12.955510363434186,109.56,4.696472344394877,-2.774196439627878
Honolulu County,1995,pre2011,337341.0,0.06868717410572685,0.05959548350185717,0.004360572832830875,0.05759157647602871,-0.01109559762969814,-3743.0,2.09127224114333,,,0.0430712228418427,424274,12.958134751914812,108.37,4.685551297934904,-2.820175487952477
Honolulu County,1996,pre2011,335856.0,0.06581392025153637,0.05708398837597065,0.004207160211519223,0.05711078557477014,-0.008703134676766233,-2923.0,2.098992197659298,,,0.0488670934507922,428632,12.968354020923789,103.14,4.636087288622813,-2.8632316153742656
Honolulu County,1997,pre2011,334700.0,0.06630116522258739,0.057669554825216615,0.0039139527935464595,0.05821033761577532,-0.008090827606812071,-2708.0,2.097984378049912,,,0.0490877417322251,431676,12.975430585835543,94.51,4.548705649006965,-2.8530258907323365
Honolulu County,1998,pre2011,335275.0,0.06699873238386399,0.05792856610245321,0.004005666989784505,0.052828275296398476,-0.014170457087465513,-4751.0,2.100725036123934,,,0.0497882851910757,431949,12.976062804701586,93.32,4.536034447153229,-2.8485446464248416
Honolulu County,1999,pre2011,334786.0,0.06490713470694713,0.05516359704408189,0.003883077548045617,0.054294385069865524,-0.010612749637081599,-3553.0,2.095602703669631,29016511.42839636,17.183375585526942,0.0455204393602884,430444,12.972572513087803,92.56,4.527857082885421,-2.897452017086706
Honolulu County,2000,pre2011,335313.0,0.06149776477500127,0.0522377599436944,0.0040738056681369345,0.06025713288777948,-0.0012406318872217898,-416.0,2.0865449391786255,31077256.0,17.25198679127779,0.0411173827472241,430864,12.97354777404739,94.05,4.54382655574704,-2.9519496750310728
Honolulu County,2001,pre2011,340518.0,0.057474201070134324,0.04925437128140069,0.003709055027928039,0.06229920297899083,0.004825001908856507,1643.0,2.0802219681131153,29091282.358425267,17.185949111948226,0.0412637320799385,433383,12.979377142580429,100.27,4.607866547535834,-3.0107571583199517
Honolulu County,2002,pre2011,343788.0,0.05778852083260614,0.04899821983315299,0.0037464949329237785,0.06139539483635264,0.003606874003746495,1240.0,2.0848385871863817,29974192.943330277,17.21584733418946,0.0394867122529901,430246,12.972112417110175,106.42,4.667393529168224,-3.015971311467112
Honolulu County,2003,pre2011,346079.0,0.056461097032758416,0.04813929767480835,0.0036494557601010175,0.05939973243103453,0.0029386353982761163,1017.0,2.085711048297447,28023305.113095865,17.14854704741643,0.0376632169008486,432783,12.97799172663021,115.73,4.751259891859986,-3.0336564359565608
Honolulu County,2004,pre2011,348848.0,0.0552934229234509,0.04658189240012842,0.003643420630188506,0.05839792689079484,0.0031045039673439434,1083.0,2.0820672474427946,30640703.90430109,17.237839875950755,0.0320854149731936,437956,12.989873727691474,136.67,4.917569260976709,-3.066543388469946
Honolulu County,2005,pre2011,353800.0,0.06189655172413793,0.053750706613906164,0.004013566986998304,0.06460994912379876,0.0027133973996608255,960.0,2.0655044727192746,32699640.724425796,17.302874648786506,0.02757349262016,449671,13.016271483243326,170.95,5.141371116085311,-2.923398465755546
Honolulu County,2006,pre2011,360912.0,0.06221184111362327,0.0534978055592499,0.004253114332579687,0.054464800283725676,-0.007747040829897593,-2796.0,2.0520358448142906,32102887.6337355,17.28445654149156,0.0246568846974526,455532,13.029221245684374,196.66,5.28147634935201,-2.9281146435055345
Honolulu County,2007,pre2011,373835.0,0.05867026896893014,0.050460764775903805,0.004349512485454813,0.05665601134190218,-0.002014257627027967,-753.0,2.0288063153946267,32153399.94955252,17.28602875576418,0.0259732001306882,456047,13.030351153360597,203.03,5.31335375137415,-2.986559179801957
Honolulu County,2008,pre2011,380025.0,0.05876192355766068,0.05114400368396816,0.003470824287875798,0.056351555818696136,-0.002410367738964542,-916.0,2.028188898891231,29920872.760294337,17.214066880441052,0.0363331167424734,461700,13.04267060849508,198.59,5.291242397876073,-2.9731100234864267
Honolulu County,2009,pre2011,375159.0,0.053614600742618465,0.04692410417982775,0.003049373732204212,0.05565640168568527,0.0020418009430668064,766.0,2.044659127716205,29318351.00501158,17.193724192098653,0.0548812503948879,458991,13.036785881007308,184.41,5.217161539587027,-3.0592237871589663
Honolulu County,2010,pre2011,375164.0,0.0564846307214978,0.04963429326907699,0.0032572421660926956,0.057689437152818504,0.0012048064313207024,452.0,2.0575976133772915,31918530.052283406,17.278697278491876,0.057725290665632,453614,13.02500189511692,182.16,5.204885421755484,-3.0030732876017687
Honolulu County,2011,2011_2021,392609.0,0.057362414004773196,0.050633072598947046,0.0033595765761864856,0.056302835645642355,-0.0010595783591308401,-416.0,2.071609995460539,32477384.76210344,17.296054551607824,0.0582603616836728,458854,13.03648735565495,183.06,5.2098139679566335,-2.9831503075229953
Honolulu County,2012,2011_2021,395823.0,0.060456315070119726,0.05348350146403822,0.0038097836659314894,0.05779856147823648,-0.002657753591883241,-1052.0,2.066336284899151,35864091.850903325,17.39524712590334,0.0523471718096667,453205,13.024099840731793,184.96,5.220139585484013,-2.9283820564900065
Honolulu County,2013,2011_2021,399097.0,0.0579733748938228,0.05147370188199861,0.003620673670811858,0.05424746364918804,-0.003725911244634763,-1487.0,2.0549739333971697,35059623.029717974,17.372560685252324,0.0432298747822801,455287,13.02868326831256,194.02,5.267961246533138,-2.9666842448030075
Honolulu County,2014,2011_2021,402159.0,0.04307251609438058,0.03780594242575697,0.0028918910182291085,0.04466392645694862,0.001591410362568039,640.0,2.046934156539002,35044666.88534428,17.372134002530945,0.0397241367449339,465158,13.050132411801899,208.69,5.3408498972667395,-3.2752889816817174
Honolulu County,2015,2011_2021,409901.0,0.059968138648112596,0.052976206449850086,0.0037033332438808396,0.05140509537668852,-0.008563043271424075,-3510.0,2.0261081698328662,36420503.276894495,17.41064245086388,0.0323075644329073,469209,13.058803577163172,217.73,5.383255763064228,-2.93791240113995
Honolulu County,2016,2011_2021,413847.0,0.08212455327693569,0.07450337926818365,0.004180288850710528,0.06266325477773187,-0.019461298499203812,-8054.0,1.9911493708208288,36968064.42887909,17.425564974359087,0.0270025962447321,484546,13.090967649046588,234.86,5.458989591936935,-2.596910795320847
Honolulu County,2017,2011_2021,411334.0,0.05952097322370628,0.054041241424244046,0.003218795431449868,0.050246271886107155,-0.009274701337599129,-3815.0,1.9833346689035314,38376360.600192,17.462952218622704,0.0210213556174558,484650,13.091182259920753,241.07,5.485087347747887,-2.9180077938326803
Honolulu County,2018,2011_2021,412682.0,0.05638239613067689,0.051078069797083465,0.0029829263209929196,0.04823811070024862,-0.008144285430428272,-3361.0,1.9720117920773264,40478710.38879166,17.51628672445161,0.02271283024667,481534,13.084732120396104,251.08,5.525771613449331,-2.9744000363727428
Honolulu County,2019,2011_2021,414986.0,0.05799231781313104,0.05235839281325153,0.0034073438622025803,0.04849079246046854,-0.0095015253526625,-3943.0,2.0114652614345645,41827689.0095711,17.549069094690935,0.0236205636863403,477677,13.076690050846103,255.58,5.543535472180557,-2.949643033345618
Honolulu County,2020,2011_2021,409188.0,0.059114636792867825,0.05363060500307927,0.003348094274514404,0.04757959666461382,-0.011535040128254006,-4720.0,1.90873482788267,12829630.232710356,16.367267915655095,0.1002128874811776,462216,13.043787593272159,252.23,5.530341369668184,-2.9256353849940764
Honolulu County,2021,2011_2021,414631.0,0.05774290875501349,0.052675752657181926,0.0030605526359582377,0.049094254891698885,-0.00864865386331461,-3586.0,1.9042000158694,26898074.61,17.107565266173964,0.0543938184735914,464869,13.04951092444873,267.37,5.58863346690046,-2.9436000306956864
Honolulu County,2022,post2022,421559.0,0.0550978629325907,0.04959922573115507,0.002671037743234043,0.05003332866811051,-0.00506453426448018,-2135.0,1.8973494471948023,36168744.72453315,17.403705898447235,0.0316007321391577,468217,13.056687142649325,310.43,5.737958433123339,-3.003780055632067
Kauai County,1990,pre2011,20165.0,0.05668237044383834,0.03263079593354823,0.023059757004711134,0.07458467641953881,0.017902305975700472,361.0,2.231731679108401,,,0.0385813747740123,25997,10.165736425730918,100.0,4.605170185988092,-3.4224987759821515
Kauai County,1991,pre2011,21008.0,0.05764470677837014,0.03132140137090632,0.024514470677837016,0.06292840822543792,0.005283701447067784,111.0,2.2066474718391675,,,0.0410709829227423,28049,10.241708259691459,112.59,4.723752901815039,-3.4634536652172603
Kauai County,1992,pre2011,20857.0,0.06304837704367838,0.03490434865992233,0.026945390036918062,0.0703840437263269,0.007335666682648511,153.0,2.2098045235902157,,,0.0935159500693481,28840,10.269518591398885,110.98,4.709350004897755,-3.355143854099949
Kauai County,1993,pre2011,20654.0,0.06361963784254866,0.03694199670765953,0.02599980633291372,0.0608114650915077,-0.0028081727510409606,-58.0,2.2254395036194414,,,0.1296408142963726,28147,10.245196055952587,110.73,4.707094805710017,-3.2984062529468923
Kauai County,1994,pre2011,20645.0,0.06059578590457738,0.037297166384112374,0.02281424073625575,0.055025429886170985,-0.005570356018406394,-115.0,2.2412086212230586,,,0.1228835932274983,28409,10.254461275355103,116.1,4.754451888703846,-3.288837923472461
Kauai County,1995,pre2011,20425.0,0.049938800489596084,0.031138310893512853,0.017968176254589963,0.04768665850673195,-0.002252141982864137,-46.0,2.235300180365885,,,0.1075283842794759,28625,10.262035740856541,112.35,4.721618998631338,-3.4693163563880813
Kauai County,1996,pre2011,20436.0,0.0540223135642983,0.03391074574280681,0.018741436680367977,0.03787433940105696,-0.01614797416324134,-330.0,2.2323608524725844,,,0.1133791571200444,28806,10.268338977758996,110.03,4.700753055881822,-3.3840233312607855
Kauai County,1997,pre2011,20303.0,0.05127321085553859,0.03295079544894843,0.017238831699748807,0.04304782544451559,-0.008225385411023002,-167.0,2.2256774997404216,,,0.1051202617564133,28729,10.265662344545426,104.05,4.644871552839644,-3.4127398772340127
Kauai County,1998,pre2011,20624.0,0.04800232738557021,0.030401474010861133,0.016679596586501165,0.04805081458494957,4.848719937936385e-05,1.0,2.203167973922787,,,0.0921526527219836,28876,10.270766079259051,103.49,4.639474989680082,-3.493264184546048
Kauai County,1999,pre2011,21130.0,0.05186938002839565,0.03331755797444392,0.01722669190724089,0.04690014197823,-0.0049692380501656416,-105.0,2.182290106818409,6647963.036871241,15.709821055464545,0.0710924713584288,29328,10.286297970079486,103.27,4.637346917683312,-3.40167075445206
Kauai County,2000,pre2011,21506.0,0.04691713940295732,0.028968659908862642,0.016786013205617036,0.049614061192225424,0.002696921789268111,58.0,2.158901302629653,6603048.0,15.703041918573275,0.0482003440518724,30228,10.31652392614061,108.03,4.682408966328894,-3.5415407261630185
Kauai County,2001,pre2011,21875.0,0.04626285714285714,0.02784,0.017325714285714285,0.050834285714285714,0.004571428571428572,100.0,2.1425490102094615,6142902.506443614,15.630807909345146,0.0511037891268533,30350,10.320551796487644,117.56,4.766948841550716,-3.581281443515918
Kauai County,2002,pre2011,22131.0,0.04676697844652298,0.028783154850661966,0.016899371921738737,0.05092404319732502,0.004157064750802042,92.0,2.132394766780432,6362682.393491051,15.665960606383432,0.0439444773370173,30402,10.322263674703965,129.16,4.8610519458900745,-3.547964963980249
Kauai County,2003,pre2011,22447.0,0.04094088296877088,0.02517040138994075,0.014523098855080857,0.05515213614291442,0.014211253174143538,319.0,2.1121330360460795,6507319.631029185,15.688438198375557,0.0399154956627508,31241,10.349486613684583,150.28,5.0125002207057685,-3.6820865228051045
Kauai County,2004,pre2011,23123.0,0.050252994853608964,0.031613544955239374,0.017212299442113912,0.05293430783202872,0.0026813129784197553,62.0,2.093757114885479,6906206.269115116,15.747931024588423,0.0343931088488645,31925,10.37114468090074,195.54,5.275764962077525,-3.454169612404189
Kauai County,2005,pre2011,23449.0,0.05151605612179624,0.03305044991257623,0.017484754147298394,0.05364834321293019,0.0021322870911339503,50.0,2.073962501686075,7181289.804323074,15.786989563376455,0.028023643992527,32651,10.393630762106916,249.57,5.519739436963906,-3.4097200996885593
Kauai County,2006,pre2011,23967.0,0.04969332832644887,0.03542370759794718,0.01322651979805566,0.05807985980723495,0.00838653148078608,201.0,2.043905865823674,7662789.514089459,15.851886641754527,0.0248691886690322,33254,10.411930339600325,276.3,5.621487231929371,-3.340373976838804
Kauai County,2007,pre2011,25587.0,0.04670340407238051,0.031187712510259116,0.014616797592527455,0.05651307304490562,0.00980966897252511,251.0,2.0076254509675304,8105509.174563288,15.908054533456689,0.026615969581749,33664,10.424184296097382,275.35,5.618043015708491,-3.46773109153741
Kauai County,2008,pre2011,26472.0,0.045255364158356,0.03244938047748565,0.012163795708673316,0.04695527349652463,0.001699909338168631,45.0,2.004352298805096,7266910.534822512,15.79884179836605,0.0456955983736963,33942,10.43240846457121,260.89,5.56409886254648,-3.4280739276171928
Kauai County,2009,pre2011,26077.0,0.043870077079418646,0.028837673045212255,0.014342140583656095,0.0432948575372934,-0.0005752195421252445,-15.0,2.025508362411262,6821901.0975498585,15.73564874428159,0.0890425372012626,33265,10.412261072175989,228.9,5.433285226958521,-3.5460726547993673
Kauai County,2010,pre2011,25855.0,0.045329723457745115,0.031212531425256238,0.01349835621736608,0.04598723651131309,0.0006575130535679752,17.0,2.042012721306162,7196459.112421504,15.78909967307649,0.0839720373957719,35619,10.480634482333901,201.17,5.30415032174048,-3.466935616560373
Kauai County,2011,2011_2021,27623.0,0.045903775838974765,0.0317851066140535,0.013684248633385222,0.05191326068855664,0.00600948484958187,166.0,2.0453424397647506,7597107.235142119,15.84327810584475,0.0842216593837846,35929,10.489300047824898,189.46,5.244177920447388,-3.4487574443740168
Kauai County,2012,2011_2021,27924.0,0.046232631428162155,0.03180060163300387,0.013071193238791004,0.05407534737143676,0.007842715943274603,219.0,2.039912890023655,8168533.334491893,15.91579993229878,0.0693091861723332,35118,10.466469098519276,191.69,5.255879483850069,-3.448270070098122
Kauai County,2013,2011_2021,28439.0,0.046098667323042304,0.031892823235697455,0.01174443545834945,0.04761067548085376,0.0015120081578114562,43.0,2.0245134178708346,8516937.663120154,15.957567404984088,0.053409510815497,35181,10.468261443129174,202.09,5.3087131427301575,-3.4453742714398294
Kauai County,2014,2011_2021,28784.0,0.03800722623679822,0.026785714285714284,0.009310728182323513,0.040091717620900504,0.002084491384102279,60.0,2.0076200794510655,8610145.720288007,15.968451800800533,0.0459006366593455,35969,10.490412735357983,225.26,5.417255290619551,-3.619886582626985
Kauai County,2015,2011_2021,29148.0,0.04700150953753259,0.03338136407300672,0.01166460820639495,0.04840812405653904,0.0014066145190064498,41.0,1.998092015263878,8954641.406251017,16.007682548705432,0.0376102558483536,36506,10.50523190962273,236.26,5.464932893520374,-3.3997574966041677
Kauai County,2016,2011_2021,29444.0,0.0560725444912376,0.04180817823665263,0.014264366254584975,0.06147262600190192,0.005400081510664312,159.0,1.9815780952038282,9092350.662263032,16.02294403143158,0.0311182438865163,36763,10.51224718358581,250.89,5.525014596061544,-3.1746633069941432
Kauai County,2017,2011_2021,29987.0,0.045919898622736516,0.034848434321539334,0.011071464301197185,0.04708707106412779,0.0011671724413912696,35.0,1.9689968542467668,9622709.044879138,16.079636388495295,0.0220765966589676,37234,10.524977601331843,260.44,5.562372508368662,-3.3567470689960266
Kauai County,2018,2011_2021,30319.0,0.04587882186087932,0.034631749068241034,0.01124707279263828,0.043075299317259806,-0.0028035225436195124,-85.0,1.952779314159292,10388951.739351828,16.156253466681576,0.0245744133806057,36949,10.517293862410662,277.23,5.624847486568059,-3.3629844145304935
Kauai County,2019,2011_2021,30641.0,0.045461962729675925,0.03413726706047453,0.011324695669201397,0.048105479586175386,0.0026435168564994615,81.0,1.993503829321663,10108788.393297834,16.128915741411205,0.0252202406532015,37232,10.524923885542073,293.51,5.681911710237984,-3.3773656157727996
Kauai County,2020,2011_2021,30464.0,0.04592305672268908,0.03597689075630252,0.009946165966386554,0.048089548319327734,0.0021664915966386556,66.0,1.9034921727163254,2940353.5678326986,14.894040393251654,0.162905382815112,35892,10.488269708417949,301.75,5.709598859977641,-3.324878470083131
Kauai County,2021,2011_2021,31119.0,0.04566342106108808,0.035765930781837464,0.00989749027925062,0.04334972203476976,-0.002313699026318326,-72.0,1.9009697622735537,7005805.4,15.762249706161969,0.0812833328679529,35813,10.486066234965218,334.12,5.811500209887705,-3.330759492824393
Kauai County,2022,post2022,31858.0,0.04212442714545797,0.03245652583338565,0.008914558352690062,0.037949651578881284,-0.004174775566576684,-133.0,1.8840608205531524,10440522.445553608,16.161205181844224,0.0338518600531443,36128,10.494823466949388,393.69,5.975563797576305,-3.427853751786209
Maui County,1990,pre2011,39573.0,0.05673059914588229,0.03686857200616582,0.018699618426705075,0.07831096960048518,0.021580370454602885,854.0,2.139493141877411,,,0.045163777843986,57059,10.951841099202072,100.0,4.605170185988092,-3.300395797994244
Maui County,1991,pre2011,41434.0,0.06096442535116088,0.03987063764058503,0.020080127431577933,0.07614519476758218,0.015180769416421297,629.0,2.1352421095918577,,,0.0538722769816946,60365,11.008164745766488,112.1,4.719391330078114,-3.2221151247249105
Maui County,1992,pre2011,42747.0,0.061127096638360585,0.03990923339649566,0.020492666152010668,0.07670713734297144,0.01558004070461085,666.0,2.130014451587183,,,0.0781278990661141,64676,11.077145468859705,114.84,4.743539855252863,-3.2211475684122743
Maui County,1993,pre2011,43207.0,0.05899507024324762,0.04001666396648691,0.017983197167125698,0.0694563380933645,0.01046126785011688,452.0,2.1355206847360915,,,0.0536425964665821,65489,11.089637468588725,112.97,4.7271222967388375,-3.2184593124593657
Maui County,1994,pre2011,43831.0,0.0583377061896831,0.04104400994729757,0.016472359745385686,0.07004175127193082,0.011704045082247724,513.0,2.1349275572999953,,,0.0581719550262145,65994,11.097319107785172,111.98,4.718320283920748,-3.19311037462528
Maui County,1995,pre2011,44235.0,0.05407482762518368,0.03917712218831242,0.013767378772465243,0.058822199615688936,0.004747371990505256,210.0,2.1434170590062855,,,0.0685842035770015,66648,11.107180317654745,108.3,4.684905154006945,-3.23966232020188
Maui County,1996,pre2011,44483.0,0.05595395993975227,0.039048625317537035,0.015601465728480543,0.05536946698738844,-0.0005844929523638243,-26.0,2.1488545982759444,,,0.0677106372939337,67818,11.124582925418785,106.83,4.671238785957796,-3.2429476064521423
Maui County,1997,pre2011,45064.0,0.05496627019350257,0.03918870939108823,0.014557074383099592,0.05401207172022013,-0.0009541984732824427,-43.0,2.1423673891093524,,,0.0694954655033865,69688,11.151783415498729,100.11,4.606269581431392,-3.2393665994106446
Maui County,1998,pre2011,46003.0,0.05543116753255223,0.040692998282720695,0.013977349303306305,0.05471382301154273,-0.0007173445210094994,-33.0,2.1302096518077,,,0.0631669827610609,70654,11.165550003636666,102.94,4.6341462942246086,-3.2016992336984376
Maui County,1999,pre2011,46903.0,0.049996801910325565,0.03517898641877918,0.013666503208749974,0.06033729185766369,0.010340489947338124,485.0,2.1178688451007677,16057003.843862891,16.5916556889204,0.0526228762763011,72573,11.192348230814178,102.31,4.6280074198908485,-3.347306351378876
Maui County,2000,pre2011,48249.0,0.04974196356401169,0.03386598685983129,0.01471533088768679,0.06460237517876018,0.014860411614748492,717.0,2.1053239983423846,16050621.0,16.591258098380585,0.0391722932495101,70943,11.169632016691976,110.95,4.709079649378603,-3.385344105743809
Maui County,2001,pre2011,49871.0,0.055302680916765254,0.03918108720498887,0.014697920635238917,0.058972148142206894,0.0036694672254416394,183.0,2.084753677328975,14837600.961725116,16.51267512237397,0.040389628206887,72890,11.196706734376258,123.51,4.816322124449923,-3.2395611178719514
Maui County,2002,pre2011,50534.0,0.049649740768591445,0.033858392369493805,0.014762338227727866,0.06007836308228123,0.010428622313689793,527.0,2.0824778761061946,15600755.85188355,16.56282992308982,0.0391024401027993,72374,11.189602397854108,134.8,4.9037921984782065,-3.3855683821552205
Maui County,2003,pre2011,51349.0,0.05186079573117296,0.03606691464293365,0.014761728563360534,0.061189117606964105,0.009328321875791155,479.0,2.0782360432157088,16246284.091817385,16.603374769317984,0.0375120407320765,72670,11.193683923610681,151.31,5.019330712463479,-3.3223793257642655
Maui County,2004,pre2011,52372.0,0.054494768196746354,0.03727182463912014,0.01569540976094096,0.060509432521194534,0.006014664324448179,315.0,2.0636334262288463,16659327.112897951,16.628480804505422,0.0314152162043387,75091,11.226455990357765,189.18,5.242698942785024,-3.289517609374606
Maui County,2005,pre2011,53096.0,0.055088895585354826,0.040718698207021245,0.01335317161368088,0.06183139972879313,0.0067425041434383,358.0,2.044268601383269,17671182.56476088,16.687445767057117,0.0267415203459594,76772,11.248595269325769,236.67,5.466666765775108,-3.2010678766266074
Maui County,2006,pre2011,54289.0,0.05570189172760596,0.041573799480557755,0.013151835546795852,0.05826226307355081,0.0025603713459448505,139.0,2.028147859163172,18487581.614125777,16.732609800548623,0.0242168125917303,79036,11.277658723853708,270.43,5.600013284760236,-3.1802851303138655
Maui County,2007,pre2011,57428.0,0.053719439994427805,0.03963223514661837,0.0133036149613429,0.06178170927073901,0.008062269276311207,463.0,2.004195572566844,18696047.24436267,16.743822682174674,0.028937275763949,80830,11.30010346272789,270.98,5.602045017418285,-3.228112473001363
Maui County,2008,pre2011,59219.0,0.0573464597510934,0.04189533764501258,0.014421047299008763,0.049764433712153194,-0.007582026038940205,-449.0,2.016229869408667,16850011.3629241,16.63986188911993,0.0460264941390634,81301,11.305913595583258,250.68,5.524177225356475,-3.172580731634109
Maui County,2009,pre2011,57950.0,0.04924935289042278,0.03613459879206212,0.011993097497842968,0.04436583261432269,-0.004883520276100086,-283.0,2.0441411354726298,15645203.00588437,16.565674910768553,0.083279624925756,79131,11.278859985955462,212.74,5.3600707628235185,-3.3205044573374156
Maui County,2010,pre2011,56918.0,0.046347376928212516,0.03364489265258793,0.01192944235566956,0.05012474085526547,0.0037773639270529532,215.0,2.065659543109801,17380932.92490305,16.670884354433575,0.0819770798275459,81413,11.307290244398825,184.69,5.21867874388782,-3.391894012937288
Maui County,2011,2011_2021,60915.0,0.04530903718295986,0.03345645571698268,0.010998932939341706,0.0514159074119675,0.0061068702290076335,372.0,2.0676296105236007,18060710.848954163,16.70924946558572,0.0775526110678098,82112,11.315839447975309,172.74,5.15178757385214,-3.397510515005838
Maui County,2012,2011_2021,61898.0,0.04767520759959934,0.0357200555753013,0.011228149536333968,0.05733626288409965,0.009661055284500307,598.0,2.0543199823570326,19178761.83531186,16.769314070346848,0.0614232486073707,81321,11.30615956476456,172.15,5.148366189784533,-3.3320429671155503
Maui County,2013,2011_2021,63279.0,0.04663474454400354,0.03514594099148217,0.010904091404731427,0.05403056306199529,0.007395818517991751,468.0,2.0385724704946293,19795040.435471263,16.800941981231635,0.049625822519014,81913,11.313412987403591,187.53,5.23393883261183,-3.3482461441649076
Maui County,2014,2011_2021,64863.0,0.04050074772983057,0.03027920386044432,0.009728196352311796,0.039714475124493165,-0.0007862726053374034,-51.0,2.0176585898836685,20375144.352970112,16.82982630187445,0.0433437263794406,84672,11.346540247474628,209.29,5.343720850001886,-3.497294143346249
Maui County,2015,2011_2021,65733.0,0.04664323855597645,0.03587239286203277,0.010299240868361401,0.05073555139731946,0.004092312841343009,269.0,1.9988670273030462,21247096.488435365,16.871730808160837,0.0349980884857331,86319,11.36580501506417,225.49,5.41827581206142,-3.327787280378474
Maui County,2016,2011_2021,67032.0,0.058240840195727415,0.04621673230695787,0.012024107888769543,0.05916577157178661,0.0009249313760591956,62.0,1.976682296286909,21953505.46979826,16.90443738723087,0.0308803195575357,84617,11.345890471033924,236.36,5.465356066477474,-3.0744133753163085
Maui County,2017,2011_2021,68081.0,0.04685595099954466,0.03724974662534334,0.00960620437420132,0.04952923723212056,0.002673286232575902,182.0,1.9559106809881186,22581899.092332177,16.932659218212585,0.0242237905573801,85866,11.360543220538931,253.45,5.535166564918359,-3.290110136183908
Maui County,2018,2011_2021,69084.0,0.046523073359967575,0.03675235944647096,0.009770713913496612,0.046421747437901686,-0.0001013259220658908,-7.0,1.9451798998026415,24073277.314329904,16.996612958127947,0.0240762840491721,86309,11.36568915900361,264.45,5.577652197511989,-3.3035528527591316
Maui County,2019,2011_2021,70365.0,0.046301428266894054,0.03749022951751581,0.008811198749378243,0.04840474667803595,0.002103318411141903,148.0,1.9861713383104593,24777892.08691332,17.025462365450714,0.0250428856499364,85693,11.35852642096981,277.84,5.627045408435818,-3.283674926153408
Maui County,2020,2011_2021,70452.0,0.049707602339181284,0.040595015045704876,0.00911258729347641,0.04488162152955204,-0.004825980809629251,-340.0,1.8866168782673638,7754271.107256318,15.863754360137566,0.1823783797027944,81627,11.309915368575647,282.23,5.642722341351737,-3.2041100020382878
Maui County,2021,2011_2021,70942.0,0.04681288940261058,0.03804516365481661,0.008767725747793973,0.04445885371148262,-0.002354035691127964,-167.0,1.8786619541266767,20443525.05,16.83317676684541,0.0779434963430374,83676,11.334707477009012,312.67,5.745148321262097,-3.2689813077512166
Maui County,2022,post2022,71774.0,0.04918215509794633,0.0382450469529356,0.01001755510351938,0.039680107002535735,-0.009502048095410595,-682.0,1.8660981185159136,24365943.559872877,17.008696959546146,0.0328208444093205,83514,11.332769561455455,371.35,5.917145014115306,-3.263741218520851
